青沥扁包疙,悼疙,楷飞,己喊备盒,牢备荐
何魂堡开矫 秦款措备,快力1悼,0技 - 9技,巢,596
何魂堡开矫 秦款措备,快力1悼,0技 - 9技,咯,640
何魂堡开矫 秦款措备,快力1悼,10技 - 19技,巢,820
何魂堡开矫 秦款措备,快力1悼,10技 - 19技,咯,773
何魂堡开矫 秦款措备,快力1悼,20技 - 29技,巢,1285
何魂堡开矫 秦款措备,快力1悼,20技 - 29技,咯,1343
何魂堡开矫 秦款措备,快力1悼,30技 - 39技,巢,1374
何魂堡开矫 秦款措备,快力1悼,30技 - 39技,咯,1394
何魂堡开矫 秦款措备,快力1悼,40技 - 49技,巢,1566
何魂堡开矫 秦款措备,快力1悼,40技 - 49技,咯,1716
何魂堡开矫 秦款措备,快力1悼,50技 - 59技,巢,1778
何魂堡开矫 秦款措备,快力1悼,50技 - 59技,咯,1980
何魂堡开矫 秦款措备,快力1悼,60技 - 69技,巢,1677
何魂堡开矫 秦款措备,快力1悼,60技 - 69技,咯,1994
何魂堡开矫 秦款措备,快力1悼,70技 - 79技,巢,1017
何魂堡开矫 秦款措备,快力1悼,70技 - 79技,咯,1183
何魂堡开矫 秦款措备,快力1悼,80技 - 89技,巢,382
何魂堡开矫 秦款措备,快力1悼,80技 - 89技,咯,535
何魂堡开矫 秦款措备,快力1悼,90技 - 99技,巢,20
何魂堡开矫 秦款措备,快力1悼,90技 - 99技,咯,94
何魂堡开矫 秦款措备,快力1悼,100技 - 109技,巢,0
何魂堡开矫 秦款措备,快力1悼,100技 - 109技,咯,4
何魂堡开矫 秦款措备,快力1悼,110技 捞惑,巢,0
何魂堡开矫 秦款措备,快力1悼,110技 捞惑,咯,0
何魂堡开矫 秦款措备,快力2悼,0技 - 9技,巢,1302
何魂堡开矫 秦款措备,快力2悼,0技 - 9技,咯,1225
何魂堡开矫 秦款措备,快力2悼,10技 - 19技,巢,1604
何魂堡开矫 秦款措备,快力2悼,10技 - 19技,咯,1502
何魂堡开矫 秦款措备,快力2悼,20技 - 29技,巢,1569
何魂堡开矫 秦款措备,快力2悼,20技 - 29技,咯,1481
何魂堡开矫 秦款措备,快力2悼,30技 - 39技,巢,1544
何魂堡开矫 秦款措备,快力2悼,30技 - 39技,咯,1864
何魂堡开矫 秦款措备,快力2悼,40技 - 49技,巢,2322
何魂堡开矫 秦款措备,快力2悼,40技 - 49技,咯,2756
何魂堡开矫 秦款措备,快力2悼,50技 - 59技,巢,2495
何魂堡开矫 秦款措备,快力2悼,50技 - 59技,咯,2828
何魂堡开矫 秦款措备,快力2悼,60技 - 69技,巢,1986
何魂堡开矫 秦款措备,快力2悼,60技 - 69技,咯,2266
何魂堡开矫 秦款措备,快力2悼,70技 - 79技,巢,1018
何魂堡开矫 秦款措备,快力2悼,70技 - 79技,咯,1214
何魂堡开矫 秦款措备,快力2悼,80技 - 89技,巢,407
何魂堡开矫 秦款措备,快力2悼,80技 - 89技,咯,628
何魂堡开矫 秦款措备,快力2悼,90技 - 99技,巢,26
何魂堡开矫 秦款措备,快力2悼,90技 - 99技,咯,113
何魂堡开矫 秦款措备,快力2悼,100技 - 109技,巢,1
何魂堡开矫 秦款措备,快力2悼,100技 - 109技,咯,4
何魂堡开矫 秦款措备,快力2悼,110技 捞惑,巢,0
何魂堡开矫 秦款措备,快力2悼,110技 捞惑,咯,0
何魂堡开矫 秦款措备,快力3悼,0技 - 9技,巢,1370
何魂堡开矫 秦款措备,快力3悼,0技 - 9技,咯,1269
何魂堡开矫 秦款措备,快力3悼,10技 - 19技,巢,1625
何魂堡开矫 秦款措备,快力3悼,10技 - 19技,咯,1563
何魂堡开矫 秦款措备,快力3悼,20技 - 29技,巢,1276
何魂堡开矫 秦款措备,快力3悼,20技 - 29技,咯,1155
何魂堡开矫 秦款措备,快力3悼,30技 - 39技,巢,1253
何魂堡开矫 秦款措备,快力3悼,30技 - 39技,咯,1689
何魂堡开矫 秦款措备,快力3悼,40技 - 49技,巢,2314
何魂堡开矫 秦款措备,快力3悼,40技 - 49技,咯,2704
何魂堡开矫 秦款措备,快力3悼,50技 - 59技,巢,2120
何魂堡开矫 秦款措备,快力3悼,50技 - 59技,咯,2534
何魂堡开矫 秦款措备,快力3悼,60技 - 69技,巢,1959
何魂堡开矫 秦款措备,快力3悼,60技 - 69技,咯,2207
何魂堡开矫 秦款措备,快力3悼,70技 - 79技,巢,964
何魂堡开矫 秦款措备,快力3悼,70技 - 79技,咯,1079
何魂堡开矫 秦款措备,快力3悼,80技 - 89技,巢,372
何魂堡开矫 秦款措备,快力3悼,80技 - 89技,咯,535
何魂堡开矫 秦款措备,快力3悼,90技 - 99技,巢,35
何魂堡开矫 秦款措备,快力3悼,90技 - 99技,咯,101
何魂堡开矫 秦款措备,快力3悼,100技 - 109技,巢,2
何魂堡开矫 秦款措备,快力3悼,100技 - 109技,咯,3
何魂堡开矫 秦款措备,快力3悼,110技 捞惑,巢,0
何魂堡开矫 秦款措备,快力3悼,110技 捞惑,咯,0
何魂堡开矫 秦款措备,吝力1悼,0技 - 9技,巢,1072
何魂堡开矫 秦款措备,吝力1悼,0技 - 9技,咯,971
何魂堡开矫 秦款措备,吝力1悼,10技 - 19技,巢,1313
何魂堡开矫 秦款措备,吝力1悼,10技 - 19技,咯,1214
何魂堡开矫 秦款措备,吝力1悼,20技 - 29技,巢,1556
何魂堡开矫 秦款措备,吝力1悼,20技 - 29技,咯,1592
何魂堡开矫 秦款措备,吝力1悼,30技 - 39技,巢,1591
何魂堡开矫 秦款措备,吝力1悼,30技 - 39技,咯,1780
何魂堡开矫 秦款措备,吝力1悼,40技 - 49技,巢,2197
何魂堡开矫 秦款措备,吝力1悼,40技 - 49技,咯,2493
何魂堡开矫 秦款措备,吝力1悼,50技 - 59技,巢,2353
何魂堡开矫 秦款措备,吝力1悼,50技 - 59技,咯,2515
何魂堡开矫 秦款措备,吝力1悼,60技 - 69技,巢,1710
何魂堡开矫 秦款措备,吝力1悼,60技 - 69技,咯,1988
何魂堡开矫 秦款措备,吝力1悼,70技 - 79技,巢,900
何魂堡开矫 秦款措备,吝力1悼,70技 - 79技,咯,1071
何魂堡开矫 秦款措备,吝力1悼,80技 - 89技,巢,357
何魂堡开矫 秦款措备,吝力1悼,80技 - 89技,咯,558
何魂堡开矫 秦款措备,吝力1悼,90技 - 99技,巢,29
何魂堡开矫 秦款措备,吝力1悼,90技 - 99技,咯,76
何魂堡开矫 秦款措备,吝力1悼,100技 - 109技,巢,1
何魂堡开矫 秦款措备,吝力1悼,100技 - 109技,咯,3
何魂堡开矫 秦款措备,吝力1悼,110技 捞惑,巢,0
何魂堡开矫 秦款措备,吝力1悼,110技 捞惑,咯,1
何魂堡开矫 秦款措备,吝力2悼,0技 - 9技,巢,549
何魂堡开矫 秦款措备,吝力2悼,0技 - 9技,咯,583
何魂堡开矫 秦款措备,吝力2悼,10技 - 19技,巢,629
何魂堡开矫 秦款措备,吝力2悼,10技 - 19技,咯,543
何魂堡开矫 秦款措备,吝力2悼,20技 - 29技,巢,745
何魂堡开矫 秦款措备,吝力2悼,20技 - 29技,咯,697
何魂堡开矫 秦款措备,吝力2悼,30技 - 39技,巢,983
何魂堡开矫 秦款措备,吝力2悼,30技 - 39技,咯,1013
何魂堡开矫 秦款措备,吝力2悼,40技 - 49技,巢,1295
何魂堡开矫 秦款措备,吝力2悼,40技 - 49技,咯,1336
何魂堡开矫 秦款措备,吝力2悼,50技 - 59技,巢,1230
何魂堡开矫 秦款措备,吝力2悼,50技 - 59技,咯,1392
何魂堡开矫 秦款措备,吝力2悼,60技 - 69技,巢,1184
何魂堡开矫 秦款措备,吝力2悼,60技 - 69技,咯,1444
何魂堡开矫 秦款措备,吝力2悼,70技 - 79技,巢,520
何魂堡开矫 秦款措备,吝力2悼,70技 - 79技,咯,669
何魂堡开矫 秦款措备,吝力2悼,80技 - 89技,巢,176
何魂堡开矫 秦款措备,吝力2悼,80技 - 89技,咯,291
何魂堡开矫 秦款措备,吝力2悼,90技 - 99技,巢,18
何魂堡开矫 秦款措备,吝力2悼,90技 - 99技,咯,54
何魂堡开矫 秦款措备,吝力2悼,100技 - 109技,巢,0
何魂堡开矫 秦款措备,吝力2悼,100技 - 109技,咯,3
何魂堡开矫 秦款措备,吝力2悼,110技 捞惑,巢,0
何魂堡开矫 秦款措备,吝力2悼,110技 捞惑,咯,0
何魂堡开矫 秦款措备,谅力1悼,0技 - 9技,巢,497
何魂堡开矫 秦款措备,谅力1悼,0技 - 9技,咯,485
何魂堡开矫 秦款措备,谅力1悼,10技 - 19技,巢,1016
何魂堡开矫 秦款措备,谅力1悼,10技 - 19技,咯,911
何魂堡开矫 秦款措备,谅力1悼,20技 - 29技,巢,1184
何魂堡开矫 秦款措备,谅力1悼,20技 - 29技,咯,1301
何魂堡开矫 秦款措备,谅力1悼,30技 - 39技,巢,952
何魂堡开矫 秦款措备,谅力1悼,30技 - 39技,咯,1057
何魂堡开矫 秦款措备,谅力1悼,40技 - 49技,巢,1219
何魂堡开矫 秦款措备,谅力1悼,40技 - 49技,咯,1648
何魂堡开矫 秦款措备,谅力1悼,50技 - 59技,巢,1547
何魂堡开矫 秦款措备,谅力1悼,50技 - 59技,咯,1695
何魂堡开矫 秦款措备,谅力1悼,60技 - 69技,巢,1060
何魂堡开矫 秦款措备,谅力1悼,60技 - 69技,咯,1115
何魂堡开矫 秦款措备,谅力1悼,70技 - 79技,巢,428
何魂堡开矫 秦款措备,谅力1悼,70技 - 79技,咯,643
何魂堡开矫 秦款措备,谅力1悼,80技 - 89技,巢,233
何魂堡开矫 秦款措备,谅力1悼,80技 - 89技,咯,475
何魂堡开矫 秦款措备,谅力1悼,90技 - 99技,巢,32
何魂堡开矫 秦款措备,谅力1悼,90技 - 99技,咯,58
何魂堡开矫 秦款措备,谅力1悼,100技 - 109技,巢,1
何魂堡开矫 秦款措备,谅力1悼,100技 - 109技,咯,2
何魂堡开矫 秦款措备,谅力1悼,110技 捞惑,巢,0
何魂堡开矫 秦款措备,谅力1悼,110技 捞惑,咯,0
何魂堡开矫 秦款措备,谅力2悼,0技 - 9技,巢,914
何魂堡开矫 秦款措备,谅力2悼,0技 - 9技,咯,860
何魂堡开矫 秦款措备,谅力2悼,10技 - 19技,巢,1325
何魂堡开矫 秦款措备,谅力2悼,10技 - 19技,咯,1291
何魂堡开矫 秦款措备,谅力2悼,20技 - 29技,巢,2074
何魂堡开矫 秦款措备,谅力2悼,20技 - 29技,咯,2332
何魂堡开矫 秦款措备,谅力2悼,30技 - 39技,巢,2127
何魂堡开矫 秦款措备,谅力2悼,30技 - 39技,咯,2269
何魂堡开矫 秦款措备,谅力2悼,40技 - 49技,巢,2061
何魂堡开矫 秦款措备,谅力2悼,40技 - 49技,咯,2526
何魂堡开矫 秦款措备,谅力2悼,50技 - 59技,巢,2433
何魂堡开矫 秦款措备,谅力2悼,50技 - 59技,咯,3119
何魂堡开矫 秦款措备,谅力2悼,60技 - 69技,巢,2097
何魂堡开矫 秦款措备,谅力2悼,60技 - 69技,咯,2312
何魂堡开矫 秦款措备,谅力2悼,70技 - 79技,巢,832
何魂堡开矫 秦款措备,谅力2悼,70技 - 79技,咯,1178
何魂堡开矫 秦款措备,谅力2悼,80技 - 89技,巢,417
何魂堡开矫 秦款措备,谅力2悼,80技 - 89技,咯,725
何魂堡开矫 秦款措备,谅力2悼,90技 - 99技,巢,48
何魂堡开矫 秦款措备,谅力2悼,90技 - 99技,咯,122
何魂堡开矫 秦款措备,谅力2悼,100技 - 109技,巢,2
何魂堡开矫 秦款措备,谅力2悼,100技 - 109技,咯,3
何魂堡开矫 秦款措备,谅力2悼,110技 捞惑,巢,0
何魂堡开矫 秦款措备,谅力2悼,110技 捞惑,咯,0
何魂堡开矫 秦款措备,谅力3悼,0技 - 9技,巢,484
何魂堡开矫 秦款措备,谅力3悼,0技 - 9技,咯,460
何魂堡开矫 秦款措备,谅力3悼,10技 - 19技,巢,821
何魂堡开矫 秦款措备,谅力3悼,10技 - 19技,咯,774
何魂堡开矫 秦款措备,谅力3悼,20技 - 29技,巢,923
何魂堡开矫 秦款措备,谅力3悼,20技 - 29技,咯,754
何魂堡开矫 秦款措备,谅力3悼,30技 - 39技,巢,771
何魂堡开矫 秦款措备,谅力3悼,30技 - 39技,咯,779
何魂堡开矫 秦款措备,谅力3悼,40技 - 49技,巢,993
何魂堡开矫 秦款措备,谅力3悼,40技 - 49技,咯,1249
何魂堡开矫 秦款措备,谅力3悼,50技 - 59技,巢,1297
何魂堡开矫 秦款措备,谅力3悼,50技 - 59技,咯,1550
何魂堡开矫 秦款措备,谅力3悼,60技 - 69技,巢,1140
何魂堡开矫 秦款措备,谅力3悼,60技 - 69技,咯,1320
何魂堡开矫 秦款措备,谅力3悼,70技 - 79技,巢,538
何魂堡开矫 秦款措备,谅力3悼,70技 - 79技,咯,739
何魂堡开矫 秦款措备,谅力3悼,80技 - 89技,巢,278
何魂堡开矫 秦款措备,谅力3悼,80技 - 89技,咯,524
何魂堡开矫 秦款措备,谅力3悼,90技 - 99技,巢,37
何魂堡开矫 秦款措备,谅力3悼,90技 - 99技,咯,98
何魂堡开矫 秦款措备,谅力3悼,100技 - 109技,巢,0
何魂堡开矫 秦款措备,谅力3悼,100技 - 109技,咯,2
何魂堡开矫 秦款措备,谅力3悼,110技 捞惑,巢,0
何魂堡开矫 秦款措备,谅力3悼,110技 捞惑,咯,0
何魂堡开矫 秦款措备,谅力4悼,0技 - 9技,巢,808
何魂堡开矫 秦款措备,谅力4悼,0技 - 9技,咯,717
何魂堡开矫 秦款措备,谅力4悼,10技 - 19技,巢,1388
何魂堡开矫 秦款措备,谅力4悼,10技 - 19技,咯,1359
何魂堡开矫 秦款措备,谅力4悼,20技 - 29技,巢,1353
何魂堡开矫 秦款措备,谅力4悼,20技 - 29技,咯,1227
何魂堡开矫 秦款措备,谅力4悼,30技 - 39技,巢,1129
何魂堡开矫 秦款措备,谅力4悼,30技 - 39技,咯,1243
何魂堡开矫 秦款措备,谅力4悼,40技 - 49技,巢,1576
何魂堡开矫 秦款措备,谅力4悼,40技 - 49技,咯,2007
何魂堡开矫 秦款措备,谅力4悼,50技 - 59技,巢,1986
何魂堡开矫 秦款措备,谅力4悼,50技 - 59技,咯,2278
何魂堡开矫 秦款措备,谅力4悼,60技 - 69技,巢,1458
何魂堡开矫 秦款措备,谅力4悼,60技 - 69技,咯,1543
何魂堡开矫 秦款措备,谅力4悼,70技 - 79技,巢,601
何魂堡开矫 秦款措备,谅力4悼,70技 - 79技,咯,833
何魂堡开矫 秦款措备,谅力4悼,80技 - 89技,巢,287
何魂堡开矫 秦款措备,谅力4悼,80技 - 89技,咯,514
何魂堡开矫 秦款措备,谅力4悼,90技 - 99技,巢,28
何魂堡开矫 秦款措备,谅力4悼,90技 - 99技,咯,77
何魂堡开矫 秦款措备,谅力4悼,100技 - 109技,巢,1
何魂堡开矫 秦款措备,谅力4悼,100技 - 109技,咯,6
何魂堡开矫 秦款措备,谅力4悼,110技 捞惑,巢,0
何魂堡开矫 秦款措备,谅力4悼,110技 捞惑,咯,0
何魂堡开矫 秦款措备,价沥悼,0技 - 9技,巢,210
何魂堡开矫 秦款措备,价沥悼,0技 - 9技,咯,184
何魂堡开矫 秦款措备,价沥悼,10技 - 19技,巢,283
何魂堡开矫 秦款措备,价沥悼,10技 - 19技,咯,219
何魂堡开矫 秦款措备,价沥悼,20技 - 29技,巢,523
何魂堡开矫 秦款措备,价沥悼,20技 - 29技,咯,413
何魂堡开矫 秦款措备,价沥悼,30技 - 39技,巢,587
何魂堡开矫 秦款措备,价沥悼,30技 - 39技,咯,531
何魂堡开矫 秦款措备,价沥悼,40技 - 49技,巢,684
何魂堡开矫 秦款措备,价沥悼,40技 - 49技,咯,579
何魂堡开矫 秦款措备,价沥悼,50技 - 59技,巢,736
何魂堡开矫 秦款措备,价沥悼,50技 - 59技,咯,875
何魂堡开矫 秦款措备,价沥悼,60技 - 69技,巢,887
何魂堡开矫 秦款措备,价沥悼,60技 - 69技,咯,1113
何魂堡开矫 秦款措备,价沥悼,70技 - 79技,巢,510
何魂堡开矫 秦款措备,价沥悼,70技 - 79技,咯,603
何魂堡开矫 秦款措备,价沥悼,80技 - 89技,巢,176
何魂堡开矫 秦款措备,价沥悼,80技 - 89技,咯,368
何魂堡开矫 秦款措备,价沥悼,90技 - 99技,巢,9
何魂堡开矫 秦款措备,价沥悼,90技 - 99技,咯,56
何魂堡开矫 秦款措备,价沥悼,100技 - 109技,巢,0
何魂堡开矫 秦款措备,价沥悼,100技 - 109技,咯,2
何魂堡开矫 秦款措备,价沥悼,110技 捞惑,巢,0
何魂堡开矫 秦款措备,价沥悼,110技 捞惑,咯,0
何魂堡开矫 秦款措备,馆咯力1悼,0技 - 9技,巢,1204
何魂堡开矫 秦款措备,馆咯力1悼,0技 - 9技,咯,1143
何魂堡开矫 秦款措备,馆咯力1悼,10技 - 19技,巢,2054
何魂堡开矫 秦款措备,馆咯力1悼,10技 - 19技,咯,1887
何魂堡开矫 秦款措备,馆咯力1悼,20技 - 29技,巢,2092
何魂堡开矫 秦款措备,馆咯力1悼,20技 - 29技,咯,1811
何魂堡开矫 秦款措备,馆咯力1悼,30技 - 39技,巢,1777
何魂堡开矫 秦款措备,馆咯力1悼,30技 - 39技,咯,1797
何魂堡开矫 秦款措备,馆咯力1悼,40技 - 49技,巢,2632
何魂堡开矫 秦款措备,馆咯力1悼,40技 - 49技,咯,3074
何魂堡开矫 秦款措备,馆咯力1悼,50技 - 59技,巢,3126
何魂堡开矫 秦款措备,馆咯力1悼,50技 - 59技,咯,3220
何魂堡开矫 秦款措备,馆咯力1悼,60技 - 69技,巢,2523
何魂堡开矫 秦款措备,馆咯力1悼,60技 - 69技,咯,2573
何魂堡开矫 秦款措备,馆咯力1悼,70技 - 79技,巢,1189
何魂堡开矫 秦款措备,馆咯力1悼,70技 - 79技,咯,1327
何魂堡开矫 秦款措备,馆咯力1悼,80技 - 89技,巢,380
何魂堡开矫 秦款措备,馆咯力1悼,80技 - 89技,咯,661
何魂堡开矫 秦款措备,馆咯力1悼,90技 - 99技,巢,26
何魂堡开矫 秦款措备,馆咯力1悼,90技 - 99技,咯,106
何魂堡开矫 秦款措备,馆咯力1悼,100技 - 109技,巢,1
何魂堡开矫 秦款措备,馆咯力1悼,100技 - 109技,咯,1
何魂堡开矫 秦款措备,馆咯力1悼,110技 捞惑,巢,0
何魂堡开矫 秦款措备,馆咯力1悼,110技 捞惑,咯,1
何魂堡开矫 秦款措备,馆咯力2悼,0技 - 9技,巢,188
何魂堡开矫 秦款措备,馆咯力2悼,0技 - 9技,咯,199
何魂堡开矫 秦款措备,馆咯力2悼,10技 - 19技,巢,270
何魂堡开矫 秦款措备,馆咯力2悼,10技 - 19技,咯,257
何魂堡开矫 秦款措备,馆咯力2悼,20技 - 29技,巢,657
何魂堡开矫 秦款措备,馆咯力2悼,20技 - 29技,咯,493
何魂堡开矫 秦款措备,馆咯力2悼,30技 - 39技,巢,729
何魂堡开矫 秦款措备,馆咯力2悼,30技 - 39技,咯,602
何魂堡开矫 秦款措备,馆咯力2悼,40技 - 49技,巢,857
何魂堡开矫 秦款措备,馆咯力2悼,40技 - 49技,咯,690
何魂堡开矫 秦款措备,馆咯力2悼,50技 - 59技,巢,1036
何魂堡开矫 秦款措备,馆咯力2悼,50技 - 59技,咯,1098
何魂堡开矫 秦款措备,馆咯力2悼,60技 - 69技,巢,1172
何魂堡开矫 秦款措备,馆咯力2悼,60技 - 69技,咯,1376
何魂堡开矫 秦款措备,馆咯力2悼,70技 - 79技,巢,665
何魂堡开矫 秦款措备,馆咯力2悼,70技 - 79技,咯,927
何魂堡开矫 秦款措备,馆咯力2悼,80技 - 89技,巢,229
何魂堡开矫 秦款措备,馆咯力2悼,80技 - 89技,咯,484
何魂堡开矫 秦款措备,馆咯力2悼,90技 - 99技,巢,20
何魂堡开矫 秦款措备,馆咯力2悼,90技 - 99技,咯,56
何魂堡开矫 秦款措备,馆咯力2悼,100技 - 109技,巢,0
何魂堡开矫 秦款措备,馆咯力2悼,100技 - 109技,咯,1
何魂堡开矫 秦款措备,馆咯力2悼,110技 捞惑,巢,0
何魂堡开矫 秦款措备,馆咯力2悼,110技 捞惑,咯,0
何魂堡开矫 秦款措备,馆咯力3悼,0技 - 9技,巢,88
何魂堡开矫 秦款措备,馆咯力3悼,0技 - 9技,咯,70
何魂堡开矫 秦款措备,馆咯力3悼,10技 - 19技,巢,203
何魂堡开矫 秦款措备,馆咯力3悼,10技 - 19技,咯,175
何魂堡开矫 秦款措备,馆咯力3悼,20技 - 29技,巢,455
何魂堡开矫 秦款措备,馆咯力3悼,20技 - 29技,咯,369
何魂堡开矫 秦款措备,馆咯力3悼,30技 - 39技,巢,400
何魂堡开矫 秦款措备,馆咯力3悼,30技 - 39技,咯,275
何魂堡开矫 秦款措备,馆咯力3悼,40技 - 49技,巢,520
何魂堡开矫 秦款措备,馆咯力3悼,40技 - 49技,咯,439
何魂堡开矫 秦款措备,馆咯力3悼,50技 - 59技,巢,763
何魂堡开矫 秦款措备,馆咯力3悼,50技 - 59技,咯,727
何魂堡开矫 秦款措备,馆咯力3悼,60技 - 69技,巢,862
何魂堡开矫 秦款措备,馆咯力3悼,60技 - 69技,咯,1042
何魂堡开矫 秦款措备,馆咯力3悼,70技 - 79技,巢,467
何魂堡开矫 秦款措备,馆咯力3悼,70技 - 79技,咯,648
何魂堡开矫 秦款措备,馆咯力3悼,80技 - 89技,巢,192
何魂堡开矫 秦款措备,馆咯力3悼,80技 - 89技,咯,350
何魂堡开矫 秦款措备,馆咯力3悼,90技 - 99技,巢,8
何魂堡开矫 秦款措备,馆咯力3悼,90技 - 99技,咯,47
何魂堡开矫 秦款措备,馆咯力3悼,100技 - 109技,巢,0
何魂堡开矫 秦款措备,馆咯力3悼,100技 - 109技,咯,0
何魂堡开矫 秦款措备,馆咯力3悼,110技 捞惑,巢,0
何魂堡开矫 秦款措备,馆咯力3悼,110技 捞惑,咯,0
何魂堡开矫 秦款措备,馆咯力4悼,0技 - 9技,巢,540
何魂堡开矫 秦款措备,馆咯力4悼,0技 - 9技,咯,506
何魂堡开矫 秦款措备,馆咯力4悼,10技 - 19技,巢,737
何魂堡开矫 秦款措备,馆咯力4悼,10技 - 19技,咯,711
何魂堡开矫 秦款措备,馆咯力4悼,20技 - 29技,巢,930
何魂堡开矫 秦款措备,馆咯力4悼,20技 - 29技,咯,769
何魂堡开矫 秦款措备,馆咯力4悼,30技 - 39技,巢,832
何魂堡开矫 秦款措备,馆咯力4悼,30技 - 39技,咯,845
何魂堡开矫 秦款措备,馆咯力4悼,40技 - 49技,巢,1200
何魂堡开矫 秦款措备,馆咯力4悼,40技 - 49技,咯,1192
何魂堡开矫 秦款措备,馆咯力4悼,50技 - 59技,巢,1253
何魂堡开矫 秦款措备,馆咯力4悼,50技 - 59技,咯,1461
何魂堡开矫 秦款措备,馆咯力4悼,60技 - 69技,巢,1233
何魂堡开矫 秦款措备,馆咯力4悼,60技 - 69技,咯,1366
何魂堡开矫 秦款措备,馆咯力4悼,70技 - 79技,巢,574
何魂堡开矫 秦款措备,馆咯力4悼,70技 - 79技,咯,564
何魂堡开矫 秦款措备,馆咯力4悼,80技 - 89技,巢,131
何魂堡开矫 秦款措备,馆咯力4悼,80技 - 89技,咯,235
何魂堡开矫 秦款措备,馆咯力4悼,90技 - 99技,巢,4
何魂堡开矫 秦款措备,馆咯力4悼,90技 - 99技,咯,37
何魂堡开矫 秦款措备,馆咯力4悼,100技 - 109技,巢,0
何魂堡开矫 秦款措备,馆咯力4悼,100技 - 109技,咯,0
何魂堡开矫 秦款措备,馆咯力4悼,110技 捞惑,巢,0
何魂堡开矫 秦款措备,馆咯力4悼,110技 捞惑,咯,0
何魂堡开矫 秦款措备,馆价力1悼,0技 - 9技,巢,145
何魂堡开矫 秦款措备,馆价力1悼,0技 - 9技,咯,143
何魂堡开矫 秦款措备,馆价力1悼,10技 - 19技,巢,297
何魂堡开矫 秦款措备,馆价力1悼,10技 - 19技,咯,295
何魂堡开矫 秦款措备,馆价力1悼,20技 - 29技,巢,752
何魂堡开矫 秦款措备,馆价力1悼,20技 - 29技,咯,579
何魂堡开矫 秦款措备,馆价力1悼,30技 - 39技,巢,597
何魂堡开矫 秦款措备,馆价力1悼,30技 - 39技,咯,405
何魂堡开矫 秦款措备,馆价力1悼,40技 - 49技,巢,843
何魂堡开矫 秦款措备,馆价力1悼,40技 - 49技,咯,630
何魂堡开矫 秦款措备,馆价力1悼,50技 - 59技,巢,1288
何魂堡开矫 秦款措备,馆价力1悼,50技 - 59技,咯,1118
何魂堡开矫 秦款措备,馆价力1悼,60技 - 69技,巢,1370
何魂堡开矫 秦款措备,馆价力1悼,60技 - 69技,咯,1447
何魂堡开矫 秦款措备,馆价力1悼,70技 - 79技,巢,843
何魂堡开矫 秦款措备,馆价力1悼,70技 - 79技,咯,1158
何魂堡开矫 秦款措备,馆价力1悼,80技 - 89技,巢,379
何魂堡开矫 秦款措备,馆价力1悼,80技 - 89技,咯,658
何魂堡开矫 秦款措备,馆价力1悼,90技 - 99技,巢,15
何魂堡开矫 秦款措备,馆价力1悼,90技 - 99技,咯,88
何魂堡开矫 秦款措备,馆价力1悼,100技 - 109技,巢,0
何魂堡开矫 秦款措备,馆价力1悼,100技 - 109技,咯,0
何魂堡开矫 秦款措备,馆价力1悼,110技 捞惑,巢,0
何魂堡开矫 秦款措备,馆价力1悼,110技 捞惑,咯,0
何魂堡开矫 秦款措备,馆价力2悼,0技 - 9技,巢,361
何魂堡开矫 秦款措备,馆价力2悼,0技 - 9技,咯,324
何魂堡开矫 秦款措备,馆价力2悼,10技 - 19技,巢,667
何魂堡开矫 秦款措备,馆价力2悼,10技 - 19技,咯,586
何魂堡开矫 秦款措备,馆价力2悼,20技 - 29技,巢,1091
何魂堡开矫 秦款措备,馆价力2悼,20技 - 29技,咯,825
何魂堡开矫 秦款措备,馆价力2悼,30技 - 39技,巢,927
何魂堡开矫 秦款措备,馆价力2悼,30技 - 39技,咯,765
何魂堡开矫 秦款措备,馆价力2悼,40技 - 49技,巢,1503
何魂堡开矫 秦款措备,馆价力2悼,40技 - 49技,咯,1182
何魂堡开矫 秦款措备,馆价力2悼,50技 - 59技,巢,1851
何魂堡开矫 秦款措备,馆价力2悼,50技 - 59技,咯,1893
何魂堡开矫 秦款措备,馆价力2悼,60技 - 69技,巢,2434
何魂堡开矫 秦款措备,馆价力2悼,60技 - 69技,咯,2638
何魂堡开矫 秦款措备,馆价力2悼,70技 - 79技,巢,1397
何魂堡开矫 秦款措备,馆价力2悼,70技 - 79技,咯,1937
何魂堡开矫 秦款措备,馆价力2悼,80技 - 89技,巢,474
何魂堡开矫 秦款措备,馆价力2悼,80技 - 89技,咯,1035
何魂堡开矫 秦款措备,馆价力2悼,90技 - 99技,巢,34
何魂堡开矫 秦款措备,馆价力2悼,90技 - 99技,咯,156
何魂堡开矫 秦款措备,馆价力2悼,100技 - 109技,巢,1
何魂堡开矫 秦款措备,馆价力2悼,100技 - 109技,咯,5
何魂堡开矫 秦款措备,馆价力2悼,110技 捞惑,巢,0
何魂堡开矫 秦款措备,馆价力2悼,110技 捞惑,咯,0
何魂堡开矫 秦款措备,犁价力1悼,0技 - 9技,巢,1694
何魂堡开矫 秦款措备,犁价力1悼,0技 - 9技,咯,1601
何魂堡开矫 秦款措备,犁价力1悼,10技 - 19技,巢,2575
何魂堡开矫 秦款措备,犁价力1悼,10技 - 19技,咯,2388
何魂堡开矫 秦款措备,犁价力1悼,20技 - 29技,巢,2009
何魂堡开矫 秦款措备,犁价力1悼,20技 - 29技,咯,1770
何魂堡开矫 秦款措备,犁价力1悼,30技 - 39技,巢,1854
何魂堡开矫 秦款措备,犁价力1悼,30技 - 39技,咯,2040
何魂堡开矫 秦款措备,犁价力1悼,40技 - 49技,巢,3501
何魂堡开矫 秦款措备,犁价力1悼,40技 - 49技,咯,3996
何魂堡开矫 秦款措备,犁价力1悼,50技 - 59技,巢,2860
何魂堡开矫 秦款措备,犁价力1悼,50技 - 59技,咯,2832
何魂堡开矫 秦款措备,犁价力1悼,60技 - 69技,巢,2097
何魂堡开矫 秦款措备,犁价力1悼,60技 - 69技,咯,2379
何魂堡开矫 秦款措备,犁价力1悼,70技 - 79技,巢,1091
何魂堡开矫 秦款措备,犁价力1悼,70技 - 79技,咯,1188
何魂堡开矫 秦款措备,犁价力1悼,80技 - 89技,巢,318
何魂堡开矫 秦款措备,犁价力1悼,80技 - 89技,咯,471
何魂堡开矫 秦款措备,犁价力1悼,90技 - 99技,巢,20
何魂堡开矫 秦款措备,犁价力1悼,90技 - 99技,咯,85
何魂堡开矫 秦款措备,犁价力1悼,100技 - 109技,巢,1
何魂堡开矫 秦款措备,犁价力1悼,100技 - 109技,咯,2
何魂堡开矫 秦款措备,犁价力1悼,110技 捞惑,巢,0
何魂堡开矫 秦款措备,犁价力1悼,110技 捞惑,咯,0
何魂堡开矫 秦款措备,犁价力2悼,0技 - 9技,巢,475
何魂堡开矫 秦款措备,犁价力2悼,0技 - 9技,咯,450
何魂堡开矫 秦款措备,犁价力2悼,10技 - 19技,巢,932
何魂堡开矫 秦款措备,犁价力2悼,10技 - 19技,咯,911
何魂堡开矫 秦款措备,犁价力2悼,20技 - 29技,巢,1458
何魂堡开矫 秦款措备,犁价力2悼,20技 - 29技,咯,1201
何魂堡开矫 秦款措备,犁价力2悼,30技 - 39技,巢,1378
何魂堡开矫 秦款措备,犁价力2悼,30技 - 39技,咯,1176
何魂堡开矫 秦款措备,犁价力2悼,40技 - 49技,巢,1747
何魂堡开矫 秦款措备,犁价力2悼,40技 - 49技,咯,1675
何魂堡开矫 秦款措备,犁价力2悼,50技 - 59技,巢,1885
何魂堡开矫 秦款措备,犁价力2悼,50技 - 59技,咯,2320
何魂堡开矫 秦款措备,犁价力2悼,60技 - 69技,巢,2096
何魂堡开矫 秦款措备,犁价力2悼,60技 - 69技,咯,2477
何魂堡开矫 秦款措备,犁价力2悼,70技 - 79技,巢,1042
何魂堡开矫 秦款措备,犁价力2悼,70技 - 79技,咯,1153
何魂堡开矫 秦款措备,犁价力2悼,80技 - 89技,巢,254
何魂堡开矫 秦款措备,犁价力2悼,80技 - 89技,咯,577
何魂堡开矫 秦款措备,犁价力2悼,90技 - 99技,巢,21
何魂堡开矫 秦款措备,犁价力2悼,90技 - 99技,咯,91
何魂堡开矫 秦款措备,犁价力2悼,100技 - 109技,巢,1
何魂堡开矫 秦款措备,犁价力2悼,100技 - 109技,咯,2
何魂堡开矫 秦款措备,犁价力2悼,110技 捞惑,巢,0
何魂堡开矫 秦款措备,犁价力2悼,110技 捞惑,咯,0
